Method,Metric,Patient,Original Value,OutlierType
EM_Predictive,NSE (Higher is Better),54,-5.0,Low
SRK_Predictive,"Chi-Squared ($\chi^2$, Lower is Better)",43,6370183.585360898,High
NeuralODE,MASE (Lower is Better),32,3.54,High
NeuralODE,MASE (Lower is Better),36,4.14,High
NeuralODE,MASE (Lower is Better),63,2.49,High
NeuralODE,MASE (Lower is Better),74,2.73,High
NeuralODE,"Chi-Squared ($\chi^2$, Lower is Better)",18,1546334.38,High
NeuralODE,"Chi-Squared ($\chi^2$, Lower is Better)",23,10000000.0,High
NeuralODE,"Chi-Squared ($\chi^2$, Lower is Better)",24,1079668.82,High
NeuralODE,"Chi-Squared ($\chi^2$, Lower is Better)",25,10000000.0,High
NeuralODE,"Chi-Squared ($\chi^2$, Lower is Better)",30,1389037.8,High
NeuralODE,"Chi-Squared ($\chi^2$, Lower is Better)",32,1718568.53,High
NeuralODE,"Chi-Squared ($\chi^2$, Lower is Better)",36,2755020.96,High
NeuralODE,"Chi-Squared ($\chi^2$, Lower is Better)",42,10000000.0,High
NeuralODE,"Chi-Squared ($\chi^2$, Lower is Better)",60,1484915.8,High
NeuralODE,"Chi-Squared ($\chi^2$, Lower is Better)",66,1031912.21,High
NeuralODE,"Chi-Squared ($\chi^2$, Lower is Better)",70,2945907.49,High
NeuralODE,NSE (Higher is Better),18,-5.0,Low
NeuralODE,NSE (Higher is Better),32,-5.0,Low
NeuralODE,NSE (Higher is Better),36,-5.0,Low
NeuralODE,NSE (Higher is Better),74,-5.0,Low
NeuralODE,NSE (Higher is Better),79,-5.0,Low
NeuralODE,NSE (Higher is Better),84,-5.0,Low
NeuralODE,NSE (Higher is Better),87,-5.0,Low
NeuralODE,NSE (Higher is Better),90,-5.0,Low
NeuralODE,KGE (Closer to 1 is Better),36,-5.75,Low
NeuralODE,KGE (Closer to 1 is Better),90,-1.49,Low
